Number,Postion,Company,Location,URL
1,Fullstack React Typescript Developer,CloudDevs,Anywhere in the World,https://weworkremotely.com/remote-jobs/clouddevs-fullstack-react-typescript-developer
2,Full-stack Developer (Python/React) ,Lemon.io,Latin America Only/Europe Only/UK Only/Canada Only,https://weworkremotely.com/remote-jobs/lemon-io-full-stack-developer-python-react
3,Full Stack Software Engineer (React / Python),Trustworthy,Anywhere in the World,https://weworkremotely.com/remote-jobs/trustworthy-full-stack-software-engineer-react-python
4,Full Stack Developer (Node.js/React),Eight,UK Only,https://weworkremotely.com/remote-jobs/eight-full-stack-developer-node-js-react
5,Full-stack Developer (React/Node),Lemon.io,Latin America Only/Europe Only/UK Only/Canada Only,https://weworkremotely.com/remote-jobs/lemon-io-full-stack-developer-react-node-4
6,Senior React Developer - Remote,G2i Inc.,Americas Only/Europe Only,https://weworkremotely.com/remote-jobs/g2i-inc-senior-react-developer-remote
7,Fullstack Developer (React  React Native  Node.js) - Remote,G2i Inc.,Americas Only/Europe Only,https://weworkremotely.com/remote-jobs/g2i-inc-fullstack-developer-react-react-native-node-js-remote
8,JavaScript Developer (React or Vue or Angular  with Node.js),RemoteMore,Anywhere in the World,https://weworkremotely.com/remote-jobs/remotemore-javascript-developer-react-or-vue-or-angular-with-node-js-2
9,Senior React Native Developer: Long-term job - 100% remote,Proxify AB,Anywhere in the World,https://weworkremotely.com/remote-jobs/proxify-ab-senior-react-native-developer-long-term-job-100-remote
10,Senior Open Source Developer & DevOps (Python  Django  React  AWS/OpenStack),OpenCraft,Anywhere in the World,https://weworkremotely.com/remote-jobs/opencraft-senior-open-source-developer-devops-python-django-react-aws-openstack
11,Senior Full Stack Engineer (Node.js  React),Weflow,Europe Only,https://weworkremotely.com/remote-jobs/weflow-senior-full-stack-engineer-node-js-react
12,Senior or Staff Frontend Engineer - React (100% Remote),Close,Anywhere in the World,https://weworkremotely.com/remote-jobs/close-senior-or-staff-frontend-engineer-react-100-remote-2
13,Senior Frontend Developer (React/React Native) - Remote,G2i Inc.,Americas Only,https://weworkremotely.com/remote-jobs/g2i-inc-senior-frontend-developer-react-react-native-remote
14,ReactJS Web Developer - Remote/SaaS (m/f/d),SocialHub,Anywhere in the World,https://weworkremotely.com/remote-jobs/socialhub-reactjs-web-developer-remote-saas-m-f-d-1
15,React Native Engineer,Zeta,USA Only,https://weworkremotely.com/remote-jobs/zeta-react-native-engineer
16,React Developer,Zapiet,Anywhere in the World,https://weworkremotely.com/remote-jobs/zapiet-react-developer
17,React Developer,Unique,USA Only,https://weworkremotely.com/remote-jobs/unique-react-developer
18,JavaScript (React) Software Engineer,Prospect,Anywhere in the World,https://weworkremotely.com/remote-jobs/prospect-javascript-react-software-engineer-1
19,Senior React Engineer,Paymentology,USA Only/Latin America Only/Europe Only/UK Only/EMEA Only/Asia Only/Africa Only/Oceania Only,https://weworkremotely.com/remote-jobs/paymentology-senior-react-engineer
1,[뱅크몰] 신입 개발자 정규직 (프론트엔드/백엔드)의 전체 세부 정보,뱅크몰,서울 영등포구,https://kr.indeed.com/rc/clk?jk=2b2c62a8f01c6db4&fccid=9bc570badb78b9e1&vjs=3
2,프론트엔드 신입 / 경력 개발자의 전체 세부 정보,와이즈텍,서울 용산구,https://kr.indeed.com/rc/clk?jk=ea99143338a319b7&fccid=8b01882cef0e8002&vjs=3
3,커머스 플랫폼 개발자 (프론트엔드 - JavaScript  React)의 전체 세부 정보,컬리,서울 강남구,https://kr.indeed.com/rc/clk?jk=d62f5feaef0f1384&fccid=84f556ede0522ba3&vjs=3
4,Executive  Marketing의 전체 세부 정보,AirAsia,인천,https://kr.indeed.com/rc/clk?jk=14f59fea7bef2764&fccid=350f4541eb63ccf6&vjs=3
5,[Super Labs] Front-end 개발 체험형 인턴의 전체 세부 정보,슈퍼랩스,성남 분당구,https://kr.indeed.com/rc/clk?jk=ad7ebd62db8a1607&fccid=926b53554ad40afe&vjs=3
6,[IN] React Front-end Engineer의 전체 세부 정보,올거나이즈코리아,서울 강남구,https://kr.indeed.com/rc/clk?jk=ab59d443ad2e1664&fccid=707decd4d5b2755e&vjs=3
7,[신입/경력] 백앤드/프론트앤드 개발자의 전체 세부 정보,포에스텍,서울 성동구,https://kr.indeed.com/rc/clk?jk=0c6d2dbaa9d96000&fccid=3476005418c1964d&vjs=3
8,프론트엔드 엔지니어 - 중고차의 전체 세부 정보,당근마켓,서울 서초구,https://kr.indeed.com/rc/clk?jk=27902582060f4bda&fccid=b819352f54034fcd&vjs=3
9,APP Developer의 전체 세부 정보,프론트로,서울,https://kr.indeed.com/company/%ED%94%84%EB%A1%A0%ED%8A%B8%EB%A1%9C/jobs/App-Developer-457ef6b379ed8384?fccid=faa09994fff68f89&vjs=3
10,[강남/오라클컴퍼니] React/React Native 프론트엔드 개발자의 전체 세부 정보,오라클컴퍼니,서울 강남구,https://kr.indeed.com/rc/clk?jk=567bd69fd7cf66cd&fccid=5d2d74872707c882&vjs=3
11,풀필먼트 프로덕트 개발자 (Frontend - JavaScript  Vue  react)의 전체 세부 정보,컬리,서울 강남구,https://kr.indeed.com/rc/clk?jk=8c6a13d5412f6aa2&fccid=84f556ede0522ba3&vjs=3
12,프론트엔드 개발의 전체 세부 정보,NHN DATA,성남 판교역,https://kr.indeed.com/rc/clk?jk=e764b919165b8d3e&fccid=cc378bd7bc831eca&vjs=3
13,금융 투자 서비스 개발자의 전체 세부 정보,한국카카오은행,성남 분당구,https://kr.indeed.com/rc/clk?jk=0ae07143c4d08220&fccid=aea6a13a3459fdb2&vjs=3
14,플랫폼 프론트엔드 개발자 (React)를 모십니다.의 전체 세부 정보,(주)휴톰 관심기업,서울 대흥동,https://kr.indeed.com/rc/clk?jk=68fa2e8f6b62e92a&fccid=667cf6cbd3cba549&vjs=3
15,React native 경력 개발자의 전체 세부 정보,리모,서울 강남구,https://kr.indeed.com/rc/clk?jk=0cd943ac17371221&fccid=6993b57a249541f2&vjs=3
16,[인공지능기업] 머신러닝 병역특례 전문연구요원의 전체 세부 정보,딥브레인에이아이,서울,https://kr.indeed.com/rc/clk?jk=28cb699ec609130e&fccid=302172cb32d33ddc&vjs=3
17,앱 프론트엔드 개발자 (유연근무제)의 전체 세부 정보,핑퐁,서울 종로구,https://kr.indeed.com/rc/clk?jk=b5110cd1c0bf6df1&fccid=0a12a7b0211de47b&vjs=3
18,개발자(프론트엔드/백엔드) 정규직 신입/경력자를 모십니다.의 전체 세부 정보,아토즈소프트 관심기업,서울 성수동2가,https://kr.indeed.com/rc/clk?jk=c6846f4abf3d57cb&fccid=3401aed56a2304e2&vjs=3
19,[KREAM] Internal Product Frontend 개발자의 전체 세부 정보,크림,성남 분당구,https://kr.indeed.com/rc/clk?jk=564546091b63d030&fccid=146c028635667214&vjs=3
20,React Native 앱 엔지니어(Global)의 전체 세부 정보,RIDI Corp,서울,https://kr.indeed.com/rc/clk?jk=afef220dcbb6da1a&fccid=ba4215b904dee414&vjs=3
21,JR0192526 SW engineer intern의 전체 세부 정보,인텔코리아,서울,https://kr.indeed.com/rc/clk?jk=83f4939522ffaa68&fccid=ded06d6a6799d929&vjs=3
22,[인텔리전스랩스] 플랫폼 웹프론트엔드팀 프론트엔드 개발자의 전체 세부 정보,Nexon,경기도 성남,https://kr.indeed.com/rc/clk?jk=7bf4c2d891120189&fccid=aba87288e4cc3687&vjs=3
23,프론트엔드(web) - React  Next.js  CSS Library  AWS  Git의 전체 세부 정보,루먼랩,서울 송파구,https://kr.indeed.com/rc/clk?jk=f75ca3c347f81a5e&fccid=76088ea8a58a01aa&vjs=3
24,iOS 엔지니어의 전체 세부 정보,RIDI Corp,서울,https://kr.indeed.com/rc/clk?jk=5870bd43b6dce2d2&fccid=ba4215b904dee414&vjs=3
25,Associate Software Engineer (1yr Contract)의 전체 세부 정보,Blizzard Entertainment,서울,https://kr.indeed.com/rc/clk?jk=c6f04f2ab2676b48&fccid=645d83ee4cbe1d25&vjs=3
26,React Native Developer의 전체 세부 정보,띵스플로우,서울 성동구,https://kr.indeed.com/rc/clk?jk=e2715d4c7035738b&fccid=47cf40efd36aaca4&vjs=3
27,Software Engineer  Ecosystem - Korea의 전체 세부 정보,Aptos,서울,https://kr.indeed.com/rc/clk?jk=bae43ddafecac6d4&fccid=4edf6f7283dd42ad&vjs=3
28,2023년 상반기 프론트엔드 개발자의 전체 세부 정보,반달소프트,성남 분당구,https://kr.indeed.com/rc/clk?jk=9d159f96dc2b5683&fccid=f35f7fc5e918087a&vjs=3
29,플랫폼 개발-프론트앤드 개발자의 전체 세부 정보,띵스파이어,서울 영등포구,https://kr.indeed.com/rc/clk?jk=f0a8c8881599d2d2&fccid=01368044e18e491c&vjs=3
30,[성수동] 웹개발(프론트엔드/백엔드)의 전체 세부 정보,시니어앤파트너즈,서울 성동구,https://kr.indeed.com/rc/clk?jk=eb80e2a051fbb24a&fccid=59060ddcdf96b101&vjs=3
31,핀테크 플랫폼 개발의 전체 세부 정보,NHN PAYCO,성남 판교역,https://kr.indeed.com/rc/clk?jk=ed092cebbdf903d9&fccid=cc378bd7bc831eca&vjs=3
32,[텐일레븐] 2022 전문연구요원의 전체 세부 정보,텐일레븐,서울 마포구,https://kr.indeed.com/rc/clk?jk=527442eab598f872&fccid=0f5d2b7ae2acaa89&vjs=3
33,미래물류기술연구소 경력직 연구원의 전체 세부 정보,엘케이시스,서울 영등포구,https://kr.indeed.com/rc/clk?jk=8d333ee5bbce23cd&fccid=60beb6c821640a02&vjs=3
34,[인공지능기업] 병역특례 산업기능요원 (SW개발자)의 전체 세부 정보,딥브레인에이아이,서울,https://kr.indeed.com/rc/clk?jk=d3a6ba916d772b85&fccid=302172cb32d33ddc&vjs=3
35,【2023 대한민국 박람회】참여기업 JAVA개발자(프론트/백엔드) 5명의 전체 세부 정보,잉카인터넷,서울 강서구,https://kr.indeed.com/rc/clk?jk=85a4e12fd0802d60&fccid=4e3412ab8aa0c467&vjs=3
36,프론트엔드 신입 정규직의 전체 세부 정보,엠아이솔루션,대전 유성구,https://kr.indeed.com/rc/clk?jk=4286cf2792adff12&fccid=17164eb61dc096d8&vjs=3
37,[양재역] 백엔드(Node.js Typescript React)의 전체 세부 정보,시니어앤파트너즈,서울 서초구,https://kr.indeed.com/rc/clk?jk=f44df191f8105422&fccid=59060ddcdf96b101&vjs=3
38,(주) 패스트림 React 웹 개발자의 전체 세부 정보,패스트림,서울 서초구,https://kr.indeed.com/rc/clk?jk=ccce757f9470d07d&fccid=e9d4861e38b26c44&vjs=3
39,Front / Backend 경력직 개발자의 전체 세부 정보,코아메소드,서울 영등포구,https://kr.indeed.com/rc/clk?jk=008df11976a76e8c&fccid=a2f4b9020f0cf3c1&vjs=3
40,React Front End Developer/Web devs의 전체 세부 정보,Bookipi,서울,https://kr.indeed.com/company/Bookipi/jobs/React-Front-End-Developer-Web-Devs-ebc7acbbc6df873c?fccid=b3a5d64c682dbf1f&vjs=3
41,[놀아조]프론트엔드 개발자(React Native) 신입/경력 정규직의 전체 세부 정보,놀아조,서울,https://kr.indeed.com/rc/clk?jk=a9fcfc155b93dd2e&fccid=89cd76707c0e27fb&vjs=3
42,css  웹퍼블리셔(HTML코딩) 외 경력 정규직의 전체 세부 정보,에이피서비스,서울 강남구,https://kr.indeed.com/rc/clk?jk=2dbe4c7e2066d839&fccid=561d63cf81871305&vjs=3
43,[판교] 연구개발(프론트엔드 백엔드)의 전체 세부 정보,시니어앤파트너즈,성남 분당구,https://kr.indeed.com/rc/clk?jk=7f6b65cf38c149c3&fccid=59060ddcdf96b101&vjs=3
44,React Native/React.js 개발자의 전체 세부 정보,에이치랩,서울 금천구,https://kr.indeed.com/rc/clk?jk=d89bee33eb6a66b7&fccid=8aeaaa8ca6867ca8&vjs=3
45,프론트엔드(Front-end) 개발자님 정중히 (react-native)의 전체 세부 정보,위솝,서울 마포구,https://kr.indeed.com/rc/clk?jk=b226536a79e18737&fccid=17a370bb75419be0&vjs=3
46,루티너리 RN 개발자 전세계 50만 명의 일상 바꿉니다의 전체 세부 정보,루티너리,서울 서초구,https://kr.indeed.com/rc/clk?jk=ba56c6b23e59a8c8&fccid=e0f0b7213f1a4162&vjs=3
47,[이천/기흥/구미/아산] 웹 프론트엔드 (Vue.js  React  Node.js)의 전체 세부 정보,시니어앤파트너즈,경기도 이천,https://kr.indeed.com/rc/clk?jk=ebceb268cbc8fbd2&fccid=59060ddcdf96b101&vjs=3
48,Backend Engineer_메타버스 서비스 개발의 전체 세부 정보,Dunamu,서울,https://kr.indeed.com/rc/clk?jk=e7caf2eca5c4fcee&fccid=54c9c086b03b7cdc&vjs=3
49,[KR] 리액트 프론트엔드 엔지니어의 전체 세부 정보,올거나이즈코리아,서울 강남구,https://kr.indeed.com/rc/clk?jk=3e861551601a931b&fccid=707decd4d5b2755e&vjs=3
50,프론트 엔드 웹 개발자 경력직의 전체 세부 정보,로보티즈,서울 강서구,https://kr.indeed.com/rc/clk?jk=05b4e2f67b9edd80&fccid=3f656eb87b759ea2&vjs=3
51,웹 프론트엔드 React개발자의 전체 세부 정보,나로수,광주 광산구,https://kr.indeed.com/rc/clk?jk=2547e714bc9581f6&fccid=b1de156be0f517ad&vjs=3
52,System Administrator의 전체 세부 정보,Oracle,서울,https://kr.indeed.com/rc/clk?jk=3ed4875b426a7a4e&fccid=cd22d01053af7669&vjs=3
53,국내 대기업 - Web frontend 개발 경력자의 전체 세부 정보,라피플코리아리미티드,서울,https://kr.indeed.com/rc/clk?jk=1f08ce671e4cb41e&fccid=28f5722fca6f5b12&vjs=3
54,팩토리 이노베이션[경력]의 전체 세부 정보,현대자동차그룹,서울 강남구,https://kr.indeed.com/rc/clk?jk=0c95aa0f196e41f3&fccid=980d6ecc399a3373&vjs=3
55,하이브리드앱 (React Native)경력의 전체 세부 정보,모나스벤타나,서울 성동구,https://kr.indeed.com/rc/clk?jk=e39eb831b1c6a254&fccid=f636443320995cca&vjs=3
56,2023년 상반기 백엔드 개발자의 전체 세부 정보,반달소프트,성남 분당구,https://kr.indeed.com/rc/clk?jk=1601f1bfe3302af5&fccid=f35f7fc5e918087a&vjs=3
57,FrontEnd Developer(프론트앤드) 클라이언트 개발자 경력의 전체 세부 정보,에스제이에이치스튜디오,서울 역삼동,https://kr.indeed.com/rc/clk?jk=89a05c7c844b1526&fccid=b160cc3e023e1129&vjs=3
58,웹 개발자 (Typescript  react  3.js  PHP  Cloud Server  etc)의 전체 세부 정보,브이에스엘,천안 서북구,https://kr.indeed.com/rc/clk?jk=f35ec072836af172&fccid=19e12793a04ed129&vjs=3
59,웹개발  스마트폰 어플리케이션(App) 외 경력의 전체 세부 정보,파이퀀트,서울 용산구,https://kr.indeed.com/rc/clk?jk=da0eff40a03694dc&fccid=8213dde50a85e7c3&vjs=3
60,미래물류기술연구소 신입 연구원의 전체 세부 정보,엘케이시스,서울 영등포구,https://kr.indeed.com/rc/clk?jk=009cc1571ec854b4&fccid=60beb6c821640a02&vjs=3
61,Determined AI - Developer Support Engineer의 전체 세부 정보,Hewlett Packard Enterprise,서울,https://kr.indeed.com/rc/clk?jk=0c485b37ca64fe88&fccid=216eb700022de6f6&vjs=3
62,오지 백엔드 엔지니어 찾고 있습니다.의 전체 세부 정보,오지,서울 서초구,https://kr.indeed.com/rc/clk?jk=f527f5c918f8a729&fccid=6db94cab58a1fb7d&vjs=3
63,웹개발  스마트폰 어플리케이션(App) 외 경력의 전체 세부 정보,파이퀀트,서울 용산구,https://kr.indeed.com/rc/clk?jk=da0eff40a03694dc&fccid=8213dde50a85e7c3&vjs=3
64,OpsNow Professional Service 개발자 영입의 전체 세부 정보,베스핀글로벌,성남 분당구,https://kr.indeed.com/rc/clk?jk=af1e1784bdfa2aaa&fccid=d2a2cb2dc4e9a38f&vjs=3
65,Java 웹 개발자의 전체 세부 정보,안랩,성남 분당구,https://kr.indeed.com/rc/clk?jk=809b1bd9f798a6ad&fccid=0b88b2af6686dd2b&vjs=3
66,System Administrator의 전체 세부 정보,Oracle,서울,https://kr.indeed.com/rc/clk?jk=3ed4875b426a7a4e&fccid=cd22d01053af7669&vjs=3
67,React Native/React.js 개발자의 전체 세부 정보,에이치랩,서울 금천구,https://kr.indeed.com/rc/clk?jk=d89bee33eb6a66b7&fccid=8aeaaa8ca6867ca8&vjs=3
68,프론트엔드 개발자의 전체 세부 정보,코리아폴리스쿨,서울 송파구,https://kr.indeed.com/rc/clk?jk=667b42d0ba8cbc29&fccid=fcaf9bd73c72340e&vjs=3
69,AI 인공지능 서비스 플랫폼 개발자의 전체 세부 정보,코그넷나인,서울 서초구,https://kr.indeed.com/rc/clk?jk=d4fedbedf819ba56&fccid=015d2bad6d9df969&vjs=3
70,실리콘밸리 벤처 실내 공기 측정기 개발사 프론트 개발자의 전체 세부 정보,경연파트너스,서울 중구,https://kr.indeed.com/rc/clk?jk=e5545f8421c806c8&fccid=0f76eb1d9acd6c10&vjs=3
71,[지역주도형 일자리 사업 참여기업] 」디앤커머스 개발자의 전체 세부 정보,디앤커머스,부산 남구,https://kr.indeed.com/rc/clk?jk=de9f24198650c4a3&fccid=566d81efd4b07d36&vjs=3
72,(주)피타그래프 정보시스템 개발 부문 서울의 전체 세부 정보,피타그래프,서울 강서구,https://kr.indeed.com/rc/clk?jk=5de99e3dbd7e8f58&fccid=c232c1ff01bc06df&vjs=3
73,PM  JAVA 외 신입/경력의 전체 세부 정보,에이블스토어,서울 영등포구,https://kr.indeed.com/rc/clk?jk=660c099577411cda&fccid=99beb1e8af7ed1d8&vjs=3
74,React native 신입 개발자의 전체 세부 정보,리모,서울 강남구,https://kr.indeed.com/rc/clk?jk=80684cf6e389a594&fccid=6993b57a249541f2&vjs=3
75,금융솔루션 연구개발 및 SI 프로젝트 수행의 전체 세부 정보,애니링커,서울 서초구,https://kr.indeed.com/rc/clk?jk=de6dc7bd746093d5&fccid=32f3e0ccef30a6d6&vjs=3
